<?xml version="1.0"?>
<!--
/**
 * Magento
 *
 * NOTICE OF LICENSE
 *
 * This source file is subject to the Academic Free License (AFL 3.0)
 * that is bundled with this package in the file LICENSE_AFL.txt.
 * It is also available through the world-wide-web at this URL:
 * http://opensource.org/licenses/afl-3.0.php
 * If you did not receive a copy of the license and are unable to
 * obtain it through the world-wide-web, please send an email
 * to license@magento.com so we can send you a copy immediately.
 *
 * DISCLAIMER
 *
 * Do not edit or add to this file if you wish to upgrade Magento to newer
 * versions in the future. If you wish to customize Magento for your
 * needs please refer to http://www.magento.com for more information.
 *
 * @category    Mage
 * @package     Mage_SalesRule
 * @copyright   Copyright (c) 2006-2017 X.commerce, Inc. and affiliates (http://www.magento.com)
 * @license     http://opensource.org/licenses/afl-3.0.php  Academic Free License (AFL 3.0)
 */
-->
<config>
    <menu>
         <promo>
            <children>
                <quote translate="title" module="salesrule">
                    <title>Shopping Cart Price Rules</title>
                    <action>adminhtml/promo_quote/</action>
                    <depends><module>Mage_Sales</module></depends>
                </quote>
            </children>
         </promo>
    </menu>
    <acl>
        <resources>
            <admin>
                <children>
                    <promo>
                        <children>
                            <quote translate="title" module="salesrule">
                                <title>Shopping Cart Price Rules</title>
                            </quote>
                        </children>
                    </promo>
                   <system>
                       <children>
                           <config>
                               <children>
                                   <promo translate="title" module="salesrule">
                                       <title>Shopping Cart Price Rules</title>
                                   </promo>
                               </children>
                           </config>
                       </children>
                   </system>
                </children>
            </admin>
        </resources>
    </acl>
</config>
