<?xml version="1.0"?>
<!--
/**
 * Magento
 *
 * NOTICE OF LICENSE
 *
 * This source file is subject to the Academic Free License (AFL 3.0)
 * that is bundled with this package in the file LICENSE_AFL.txt.
 * It is also available through the world-wide-web at this URL:
 * http://opensource.org/licenses/afl-3.0.php
 * If you did not receive a copy of the license and are unable to
 * obtain it through the world-wide-web, please send an email
 * to license@magento.com so we can send you a copy immediately.
 *
 * DISCLAIMER
 *
 * Do not edit or add to this file if you wish to upgrade Magento to newer
 * versions in the future. If you wish to customize Magento for your
 * needs please refer to http://www.magento.com for more information.
 *
 * @category    Mage
 * @package     Mage_Uploader
 * @copyright   Copyright (c) 2006-2017 X.commerce, Inc. and affiliates (http://www.magento.com)
 * @license     http://opensource.org/licenses/afl-3.0.php  Academic Free License (AFL 3.0)
 */
-->
<jstranslator>
    <uploader-exceed_max-1 translate="message" module="uploader">
        <message>Maximum allowed file size for upload is</message>
    </uploader-exceed_max-1>
    <uploader-exceed_max-2 translate="message" module="uploader">
        <message>Please check your server PHP settings.</message>
    </uploader-exceed_max-2>
    <uploader-tab-change-event-confirm translate="message" module="uploader">
        <message>There are files that were selected but not uploaded yet. After switching to another tab your selections will be lost. Do you wish to continue ?</message>
    </uploader-tab-change-event-confirm>
    <uploader-complete-event-text translate="message" module="uploader">
        <message>Complete</message>
    </uploader-complete-event-text>
    <uploader-uploading-progress translate="message" module="uploader">
        <message>Uploading...</message>
    </uploader-uploading-progress>
</jstranslator>

