<?xml version="1.0"?>
<!--
/**
 * Magento
 *
 * NOTICE OF LICENSE
 *
 * This source file is subject to the Academic Free License (AFL 3.0)
 * that is bundled with this package in the file LICENSE_AFL.txt.
 * It is also available through the world-wide-web at this URL:
 * http://opensource.org/licenses/afl-3.0.php
 * If you did not receive a copy of the license and are unable to
 * obtain it through the world-wide-web, please send an email
 * to license@magento.com so we can send you a copy immediately.
 *
 * DISCLAIMER
 *
 * Do not edit or add to this file if you wish to upgrade Magento to newer
 * versions in the future. If you wish to customize Magento for your
 * needs please refer to http://www.magento.com for more information.
 *
 * @category    Mage
 * @package     Mage_Sales
 * @copyright   Copyright (c) 2006-2017 X.commerce, Inc. and affiliates (http://www.magento.com)
 * @license     http://opensource.org/licenses/afl-3.0.php  Academic Free License (AFL 3.0)
 */
-->
<widgets>
    <sales_widget_guestfrom type="sales/widget_guest_form" translate="name description" module="sales">
        <name>Orders and Returns</name>
        <description>Orders and Returns Search Form</description>
        <is_email_compatible>1</is_email_compatible>
        <parameters>
            <title translate="label">
                <visible>0</visible>
                <label>Anchor Custom Title</label>
                <type>text</type>
            </title>
            <template>
                <required>1</required>
                <visible>1</visible>
                <label>Template</label>
                <type>select</type>
                <value>sales/widget/guest/form.phtml</value>
                <values>
                    <default_template translate="label">
                        <label>Default Template</label>
                        <value>sales/widget/guest/form.phtml</value>
                    </default_template>
                </values>
            </template>
        </parameters>
        <supported_blocks>
            <left_column>
                <block_name>left</block_name>
                <template>
                    <default>default_template</default>
                </template>
            </left_column>
            <right_column>
                <block_name>right</block_name>
                <template>
                    <default>default_template</default>
                </template>
            </right_column>
        </supported_blocks>
    </sales_widget_guestfrom>
</widgets>
